{"train_f1": 0.8148148148148149, "train_recall": 0.825, "train_accuracy": 0.8125, "test_f1": 0.888888888888889, "test_recall": 0.8, "test_accuracy": 0.9}